Date,vf_GARCH,vf_CPGARCH,vf_ICPGARCH,vf_GJR,vf_CPGJR,vf_ICPGJR,vf_RSGARCH,vf_CPRSGARCH,vf_ICPRSGARCH,vf_HAR,vf_CPHAR,vf_ICPHAR,vf_HAR_a,vf_CPHAR_a,vf_ICPHAR_a
18-May-2021,0.0001507988509356,0.000117857770755983,0.000101255950211888,0.000152713552582825,0.000101255950213163,0.000101255950213163,0.000126603452267125,0.000125675542875334,0.000120000133712517,3.86464182490975e-05,4.30746826314822e-05,4.30746826314822e-05,4.24159274248293e-05,5.13009585622701e-05,5.13009585622701e-05
19-May-2021,0.000138938688988622,0.000117424256586469,0.000100853220599513,0.000148558252828361,0.000100853220600842,0.000100853220600842,0.000126825647409749,0.000111214143112949,0.000111293965238989,5.00399781757992e-05,5.08636620825278e-05,5.08636620825278e-05,4.67410223396834e-05,4.55620766309221e-05,4.55620766309221e-05
20-May-2021,0.000109164287190695,0.000117391456047281,9.64207604482795e-05,0.000119996813075855,9.64207604495059e-05,9.64207604495059e-05,0.000101885927968995,9.18352944177154e-05,9.17394936835249e-05,4.02059211072206e-05,4.28091548148439e-05,4.28091548148439e-05,4.88620135322066e-05,5.73731635526299e-05,5.73731635526299e-05
21-May-2021,0.000108820823828932,0.000118224308439556,9.61691010217596e-05,0.000104500535683715,9.61691010228713e-05,9.61691010228713e-05,0.000111099857878396,0.000101691512490105,0.00011517598962313,7.80262242993954e-05,7.2515728539726e-05,7.2515728539726e-05,6.8338559886394e-05,6.10415273356933e-05,6.10415273356933e-05
24-May-2021,8.35350911289884e-05,0.00011747705133783,9.15308412619085e-05,7.82694413100175e-05,9.15308412629154e-05,9.15308412629154e-05,8.54019246358529e-05,9.61043245511263e-05,8.09466359267314e-05,3.2652770096987e-05,3.74192391331871e-05,3.74192391331871e-05,3.37013688155112e-05,4.01436597382922e-05,4.01436597382922e-05
25-May-2021,8.64647017852843e-05,0.000117455212215,9.10745072126366e-05,7.67072496292992e-05,9.10745072135491e-05,9.10745072135491e-05,9.73263926162486e-05,9.40202990166331e-05,9.36969724686283e-05,3.63832209395471e-05,3.9941030002168e-05,3.9941030002168e-05,3.20302741571571e-05,3.18031814730886e-05,3.18031814730886e-05
26-May-2021,7.06710904684399e-05,0.000117819270551459,8.73082071595804e-05,6.32131138559215e-05,8.73082071604218e-05,8.73082071604218e-05,7.58779222188796e-05,8.70759661311486e-05,7.41810760726804e-05,1.66346201703627e-05,2.19112649459872e-05,2.19112649459872e-05,2.00750018708858e-05,2.84201949926078e-05,2.84201949926078e-05
27-May-2021,5.54086310908686e-05,0.000116833296658336,8.33393635193689e-05,4.9712359230097e-05,8.33393635201265e-05,8.33393635201265e-05,6.23608814128921e-05,7.82725279075585e-05,5.90037760308039e-05,2.49019182866698e-05,2.93371415233827e-05,2.93371415233827e-05,2.38931853392719e-05,2.82835309151482e-05,2.82835309151482e-05
28-May-2021,4.45485635514937e-05,0.000116737260507486,7.97232597536986e-05,4.11169668382802e-05,7.97232597543804e-05,7.97232597543804e-05,5.34385932205507e-05,6.39774678356946e-05,6.11599722581123e-05,1.47014199817396e-05,1.89014361097941e-05,1.89014361097941e-05,1.35019841498664e-05,1.64480535080492e-05,1.64480535080492e-05
01-Jun-2021,3.72496471899446e-05,0.000116133576446889,7.64581041735918e-05,3.44915454180246e-05,7.64581041742056e-05,7.64581041742056e-05,4.62204787677778e-05,5.97005693999066e-05,5.96709534488182e-05,1.18599002797611e-05,1.53837166463924e-05,1.53837166463924e-05,1.08211770776431e-05,1.32566033568223e-05,1.32566033568223e-05
02-Jun-2021,3.05025261780735e-05,0.000115365235359789,7.36385367184426e-05,3.04218440599174e-05,7.3638536719e-05,7.3638536719e-05,4.10348248794204e-05,7.1354312469432e-05,5.80999877268791e-05,9.94975991227549e-06,1.34233174902776e-05,1.34233174902776e-05,9.01116363087411e-06,1.16324767690282e-05,1.16324767690282e-05
03-Jun-2021,2.64124411058048e-05,0.000114570019779923,7.09351108609006e-05,2.68773227162676e-05,7.09351108614024e-05,7.09351108614024e-05,3.65531855913481e-05,6.02611860555687e-05,5.7182007049663e-05,1.6533578661677e-05,1.97860294610745e-05,1.97860294610745e-05,1.4635202472542e-05,1.69193100104336e-05,1.69193100104336e-05
04-Jun-2021,3.18564056116439e-05,0.000114892633266824,6.96880411446131e-05,3.22201312201567e-05,6.96880411451093e-05,6.96880411451093e-05,3.81767982777753e-05,5.62095062621419e-05,5.8630283387091e-05,1.20555077013918e-05,1.5527474289868e-05,1.5527474289868e-05,1.09786208548834e-05,1.36828341521467e-05,1.36828341521467e-05
07-Jun-2021,4.44540339123308e-05,0.000114508076231226,7.03623012189787e-05,3.93601240593344e-05,7.03623012194286e-05,7.03623012194286e-05,7.13859216182731e-05,9.02891700010089e-05,7.32534834953218e-05,2.11120711482682e-05,2.34871042348795e-05,2.34871042348795e-05,2.11356792834203e-05,2.46743894882237e-05,2.46743894882237e-05
08-Jun-2021,3.78704495368408e-05,0.000114833047758201,5.76860083261585e-05,3.42116604071104e-05,5.53566620766294e-05,5.53566620766294e-05,5.0639969293571e-05,7.93887703835281e-05,7.4070935121804e-05,9.13832065489667e-06,1.19583406613381e-05,1.19583406613381e-05,1.14469900461609e-05,1.73497767651634e-05,1.73497767651634e-05
09-Jun-2021,3.23320188797333e-05,0.000114377168744493,5.17440528343082e-05,2.99353755542449e-05,5.07843567146721e-05,5.07843567146721e-05,4.0487882892238e-05,6.92767491980962e-05,6.55179616951602e-05,1.11476096230883e-05,1.38280277737247e-05,1.38280277737247e-05,1.06237228837297e-05,1.27665753143572e-05,1.27665753143572e-05
10-Jun-2021,3.06752199930881e-05,0.000113427625453592,5.09383977896878e-05,2.89136087198579e-05,5.08815702734259e-05,5.08815702734259e-05,3.66328650252022e-05,5.68478545637247e-05,5.97750127746249e-05,1.51187254714428e-05,1.70859982359256e-05,1.70859982359256e-05,1.32216037272496e-05,1.3879548276643e-05,1.3879548276643e-05
11-Jun-2021,3.03282613951679e-05,0.000113445957271242,5.12236838528175e-05,2.81466233740327e-05,5.00934199339887e-05,5.00934199339887e-05,4.09656142431678e-05,6.19211376044873e-05,6.03092952390844e-05,8.47195503192971e-06,1.08759433619308e-05,1.08759433619308e-05,9.28323734289333e-06,1.22822744806382e-05,1.22822744806382e-05
14-Jun-2021,2.65459700957063e-05,0.000112927599061587,4.74505391142592e-05,2.49419118123312e-05,4.70504707723741e-05,4.70504707723741e-05,3.55731694481753e-05,5.91126991125137e-05,5.5217141550236e-05,1.40558133611708e-05,1.55656534291086e-05,1.55656534291086e-05,1.34266479253183e-05,1.49873137186462e-05,1.49873137186462e-05
15-Jun-2021,2.38589757073839e-05,0.000112429125608327,4.50941715352837e-05,2.27742037124751e-05,4.50033768893553e-05,4.50033768893553e-05,3.26641539520221e-05,6.09580965750144e-05,6.40674923876218e-05,9.27438893163959e-06,1.1425091616832e-05,1.1425091616832e-05,8.84143559576759e-06,1.06252859126933e-05,1.06252859126933e-05
16-Jun-2021,2.481210178737e-05,0.000111977901466321,4.65751983138805e-05,2.44282414472015e-05,4.69887347336699e-05,4.69887347336699e-05,3.12402609964901e-05,5.12171084923259e-05,5.15719665096437e-05,9.91717845175696e-06,1.19540971060991e-05,1.19540971060991e-05,9.33061731402238e-06,1.10508418334346e-05,1.10508418334346e-05
17-Jun-2021,3.52205605015136e-05,0.000111765057345984,5.74188078217488e-05,3.62373072622649e-05,6.11355104237624e-05,6.11355104237624e-05,4.38519568335149e-05,6.02070965236842e-05,7.63620042385376e-05,1.16627697355275e-05,1.41009669075114e-05,1.41009669075114e-05,1.18359420737724e-05,1.4790232296911e-05,1.4790232296911e-05
18-Jun-2021,3.07013230200725e-05,0.000111332140269537,4.97650430396546e-05,3.27083637356922e-05,5.19485872337664e-05,5.19485872337664e-05,3.37258223743493e-05,5.08565151357885e-05,6.72636590569893e-05,3.33311703492281e-05,3.28756662715181e-05,3.28756662715181e-05,3.24395120708932e-05,3.40831938691236e-05,3.40831938691236e-05
21-Jun-2021,8.75083518551808e-05,0.000111638511049648,0.000108546567428858,0.000110607811177845,0.000130413175259468,0.000130413175259468,0.000144919772336184,0.000122673246894787,0.00011517664105492,2.99155886445291e-05,3.13938519938431e-05,3.13938519938431e-05,2.55032962659787e-05,2.58700148465812e-05,2.58700148465812e-05
22-Jun-2021,0.000114921157671512,0.000111766655004948,0.000125108239762117,0.000113235558834181,0.000116383805596576,0.000116383805596576,0.000163179334703917,0.000136356554564608,0.000136994302251981,4.16623065774091e-05,4.14257040923367e-05,4.14257040923367e-05,5.27568924086646e-05,6.07856612676791e-05,6.07856612676791e-05
23-Jun-2021,9.10297995390894e-05,0.000111732130335397,8.69077770539034e-05,8.75187365422018e-05,8.28334010144334e-05,8.28334010144334e-05,0.000113579896669394,0.000100051832854376,0.000100655090449105,2.57096896996507e-05,2.91616085361254e-05,2.91616085361254e-05,2.89322095105238e-05,3.56457999060005e-05,3.56457999060005e-05
24-Jun-2021,7.12146768027625e-05,0.000111443216775297,6.57117737724416e-05,6.89794224596382e-05,6.47434397968815e-05,6.47434397968815e-05,8.05076630455434e-05,7.72935630206197e-05,7.70793171633796e-05,1.77711133515295e-05,2.15801775400149e-05,2.15801775400149e-05,1.80466421969152e-05,2.22416321683419e-05,2.22416321683419e-05
25-Jun-2021,6.18945408348541e-05,0.000111205211827561,6.0564620415982e-05,5.81494587372719e-05,5.80520019047478e-05,5.80520019047478e-05,7.1694342833308e-05,9.17481059302962e-05,7.30647006463959e-05,1.73468731777639e-05,2.05070295032326e-05,2.05070295032326e-05,1.62623106049958e-05,1.91319542261369e-05,1.91319542261369e-05
28-Jun-2021,5.03887664907014e-05,0.000110975701364658,5.28595774829566e-05,4.72657689672324e-05,5.14469885467723e-05,5.14469885467723e-05,6.05711608989132e-05,6.68449805486357e-05,6.61267510097649e-05,1.0878892320817e-05,1.31873921317124e-05,1.31873921317124e-05,1.16444034785477e-05,1.47644674480855e-05,1.47644674480855e-05
29-Jun-2021,4.12409441105962e-05,0.000110739867800011,4.78879166694399e-05,3.88678415639263e-05,4.71694086102036e-05,4.71694086102036e-05,5.14077385982617e-05,6.03996754885241e-05,5.93391470807699e-05,5.69057577706005e-06,7.56888567454694e-06,7.56888567454694e-06,6.06527003517952e-06,8.36467543912037e-06,8.36467543912037e-06
30-Jun-2021,3.45799930593299e-05,0.000110499002143502,4.50149052060836e-05,3.26516335162476e-05,4.44626138548766e-05,4.44626138548766e-05,4.37072128543333e-05,5.28774727386421e-05,5.27581393323761e-05,7.80839934328339e-06,9.58083496852292e-06,9.58083496852292e-06,7.41976796306509e-06,9.27559192284531e-06,9.27559192284531e-06
01-Jul-2021,2.95545357064876e-05,0.000110278575500517,4.29960894785218e-05,2.7089316352386e-05,4.25824957564545e-05,4.25824957564545e-05,3.86343663050088e-05,4.94139587728248e-05,6.19485151373618e-05,6.24524495509052e-06,7.79293150670136e-06,7.79293150670136e-06,5.6282717300418e-06,6.96019723218642e-06,6.96019723218642e-06
02-Jul-2021,3.08437305139769e-05,0.000109978666561299,4.7034326132991e-05,2.83995182742322e-05,4.49020014569506e-05,4.49020014569506e-05,4.47921898439323e-05,6.45529850172265e-05,5.43116328196785e-05,6.42345889136987e-06,7.86363679897462e-06,7.86363679897462e-06,5.9556096778677e-06,7.40524214014229e-06,7.40524214014229e-06
06-Jul-2021,3.86462767675269e-05,0.000109716067490074,5.6257925395102e-05,3.37791046036548e-05,5.0620088366301e-05,5.0620088366301e-05,6.12808144283298e-05,6.65804441594869e-05,6.7148820654477e-05,6.57835469500689e-06,7.8445025248105e-06,7.8445025248105e-06,7.0011030661666e-06,8.59497544263647e-06,8.59497544263647e-06
07-Jul-2021,3.56381016591213e-05,0.000109402106518575,5.11276545608067e-05,3.22037574859653e-05,4.90023177686879e-05,4.90023177686879e-05,4.75355992408322e-05,5.64127783594937e-05,6.89542883129744e-05,5.93730862764838e-06,7.48570966242773e-06,7.48570966242773e-06,7.22595391447171e-06,1.00544100790374e-05,1.00544100790374e-05
08-Jul-2021,3.1680789958198e-05,0.00010900375394676,4.66457697618558e-05,2.87716702861633e-05,4.52894959024589e-05,4.52894959024589e-05,4.36456386986139e-05,5.5226926672009e-05,5.39601522155261e-05,1.43278033112207e-05,1.60662610525413e-05,1.60662610525413e-05,1.34184825336988e-05,1.57596243937631e-05,1.57596243937631e-05
09-Jul-2021,5.60824183846837e-05,0.000108777612412313,7.36402612564598e-05,6.57190710286176e-05,8.25360217908411e-05,8.25360217908411e-05,6.92849211095765e-05,7.00269640107642e-05,7.11391176364877e-05,1.87279494682288e-05,2.09399931155712e-05,2.09399931155712e-05,1.67331838914814e-05,1.90707188155433e-05,1.90707188155433e-05
12-Jul-2021,7.46589767357799e-05,0.000108739853866172,8.81118795553054e-05,6.89557700179723e-05,8.03270392821843e-05,8.03270392821843e-05,0.000104034527104239,9.39885022939982e-05,9.40155584239211e-05,3.40315718100697e-05,3.36648952595472e-05,3.36648952595472e-05,3.65604379291743e-05,3.92592014376092e-05,3.92592014376092e-05
13-Jul-2021,5.94344076168772e-05,0.000108404990473497,6.45035414780621e-05,5.58860633048832e-05,6.1059338440688e-05,6.1059338440688e-05,7.58406475864984e-05,7.41686805313075e-05,7.4155423117763e-05,1.49698671106021e-05,1.64422147911232e-05,1.64422147911232e-05,1.74018586889921e-05,1.99923264227602e-05,1.99923264227602e-05
14-Jul-2021,5.38650614874625e-05,0.000108152037166868,5.88234889112194e-05,5.19122958548902e-05,5.90669200790754e-05,5.90669200790754e-05,6.10440940766456e-05,6.51549736124713e-05,6.46076279303396e-05,1.08665281277002e-05,1.27241612621959e-05,1.27241612621959e-05,1.10458498436168e-05,1.28789216434241e-05,1.28789216434241e-05
15-Jul-2021,4.34084899466805e-05,0.000107856856402744,4.89829214549045e-05,4.18374939005442e-05,4.93246187347383e-05,4.93246187347383e-05,4.95018170994328e-05,7.00561997654502e-05,5.64866814370765e-05,2.03978162381433e-05,2.160305697727e-05,2.160305697727e-05,2.1566345007751e-05,2.34641118807467e-05,2.34641118807467e-05
16-Jul-2021,4.17663661468394e-05,0.000107988066017593,5.02715930236936e-05,4.18803072784698e-05,5.18669757461911e-05,5.18669757461911e-05,4.5144194666413e-05,5.45260874795761e-05,5.39332358292139e-05,1.9614816566782e-05,2.09701540494413e-05,2.09701540494413e-05,1.73072792985485e-05,1.81880557517564e-05,1.81880557517564e-05
19-Jul-2021,5.74195534293863e-05,0.000107366341317205,6.85978149753555e-05,6.47729326492041e-05,7.71446216790391e-05,7.71446216790391e-05,6.17569843721456e-05,7.56282965064739e-05,6.78753272843594e-05,2.27988543763105e-05,2.38122335142624e-05,2.38122335142624e-05,2.25490343554444e-05,2.42478354671907e-05,2.42478354671907e-05
20-Jul-2021,0.00013270836002569,0.000107992000989225,0.000149867220755424,0.000204129879487742,0.00019328110845567,0.00019328110845567,0.000160312149011124,0.000138093998332334,0.000141382924641505,2.20290017382202e-05,2.33710019993577e-05,2.33710019993577e-05,2.75534537890594e-05,3.23891993432798e-05,3.23891993432798e-05
21-Jul-2021,0.000156275877355683,0.000108173030659512,0.000154151899024133,0.000148395461351339,0.000148788661526073,0.000148788661526073,0.000176515590327016,0.000168591684541403,0.000158558201066508,4.70643845864334e-05,4.43956471182571e-05,4.43956471182571e-05,6.12576602819482e-05,6.45377767788121e-05,6.45377767788121e-05
22-Jul-2021,0.00013043659692104,0.000108280467600566,0.000107526232091092,0.000128113461387545,0.000101065266267532,0.000101065266267532,0.000139637120326452,0.000118248395939026,0.000129053979006329,3.74964905672187e-05,3.61972960418624e-05,3.61972960418624e-05,3.83657083509021e-05,3.66366286366994e-05,3.66366286366994e-05
23-Jul-2021,9.73049323496555e-05,0.000108194678654037,7.07311374932571e-05,9.4925673603942e-05,5.59348706441836e-05,5.59348706441836e-05,0.000102573729079225,0.000101074238008137,8.83662691714212e-05,1.88253798072184e-05,1.986117570196e-05,1.986117570196e-05,2.00260762417022e-05,2.15428720144029e-05,2.15428720144029e-05
26-Jul-2021,9.76942746315694e-05,0.00010848758518838,8.01663366860677e-05,8.66335216614508e-05,6.8865014705958e-05,6.8865014705958e-05,0.000107422149721647,9.40204995431493e-05,9.46107769585468e-05,1.95483319413581e-05,2.00209778710148e-05,2.00209778710148e-05,1.76083591254811e-05,1.79139369935278e-05,1.79139369935278e-05
27-Jul-2021,7.45104569605202e-05,0.000107846527756165,5.90040941126842e-05,6.38497663287773e-05,5.41590201887811e-05,5.41590201887811e-05,8.36788061520686e-05,7.51820725999654e-05,7.45560570264604e-05,1.55506009380497e-05,1.60428588273633e-05,1.60428588273633e-05,1.75567822722659e-05,1.83764217019227e-05,1.83764217019227e-05
28-Jul-2021,6.8395698544327e-05,0.00010763493831072,6.04005055643022e-05,6.53217579825643e-05,6.15221782285499e-05,6.15221782285499e-05,7.34945859685212e-05,6.76590699476513e-05,6.79940576184663e-05,1.15365074315587e-05,1.2829573918302e-05,1.2829573918302e-05,1.07806559315244e-05,1.19554064021268e-05,1.19554064021268e-05
29-Jul-2021,5.43308451682435e-05,0.000107358530749586,5.01407033192987e-05,5.16964078057365e-05,5.06749618284256e-05,5.06749618284256e-05,6.04478368695756e-05,5.63046808483185e-05,5.9728606276799e-05,2.51895872431837e-05,2.50451882085644e-05,2.50451882085644e-05,2.50392308479663e-05,2.60361510325638e-05,2.60361510325638e-05
30-Jul-2021,4.65552728631272e-05,0.000107929061218782,4.77661564677747e-05,4.38625456522821e-05,4.67710720557465e-05,4.67710720557465e-05,5.61413206512371e-05,5.50204277447391e-05,5.43189884622881e-05,2.32575313404624e-05,2.26796571509492e-05,2.26796571509492e-05,1.96421524646621e-05,1.90893847301217e-05,1.90893847301217e-05
02-Aug-2021,5.10898781882272e-05,0.000107891562798408,5.78895846085912e-05,5.08446713972214e-05,6.15813461936246e-05,6.15813461936246e-05,5.60155355923093e-05,5.89860586398598e-05,5.69420373521058e-05,1.17156422480369e-05,1.28899182936492e-05,1.28899182936492e-05,1.16987914545629e-05,1.30003142504581e-05,1.30003142504581e-05
03-Aug-2021,4.43257828672023e-05,0.000106651857725222,5.08405792076783e-05,4.38897667463461e-05,5.30907895047756e-05,5.30907895047756e-05,4.72711448903111e-05,5.43317279568461e-05,7.11099363869605e-05,2.00415719533458e-05,2.04023687355713e-05,2.04023687355713e-05,2.28400163704397e-05,2.51684675372543e-05,2.51684675372543e-05
04-Aug-2021,5.12249588459119e-05,0.000106518713562553,6.10473060891735e-05,4.71166582745724e-05,5.52892939869505e-05,5.52892939869505e-05,6.58824058806879e-05,6.78825864792225e-05,6.78913430340899e-05,1.7244728071922e-05,1.83490285659992e-05,1.83490285659992e-05,1.69166523139998e-05,1.86283730471773e-05,1.86283730471773e-05
05-Aug-2021,5.18195817731814e-05,0.000106414817214369,6.02772927526229e-05,5.12766042348364e-05,6.08882189231025e-05,6.08882189231025e-05,5.76893281384234e-05,6.20582030391513e-05,6.21027887066995e-05,2.6626765731987e-05,2.64186139694083e-05,2.64186139694083e-05,2.51659065042352e-05,2.43952131242258e-05,2.43952131242258e-05
06-Aug-2021,4.88426890178983e-05,0.000106218228571992,5.65723192935672e-05,4.61548673716635e-05,5.41009053761024e-05,5.41009053761024e-05,5.87942475379783e-05,6.35833844221674e-05,7.92986169452884e-05,1.44639668947685e-05,1.56640241790641e-05,1.56640241790641e-05,1.75686403921882e-05,2.05492763654235e-05,2.05492763654235e-05
09-Aug-2021,4.00169551810588e-05,0.000105945493619686,4.72362287961161e-05,3.79623283799069e-05,4.61108874595241e-05,4.61108874595241e-05,4.78116200910632e-05,5.53108413524318e-05,5.53464596357874e-05,8.48535592058529e-06,9.89215997635612e-06,9.89215997635612e-06,9.695006037405e-06,1.13785590041567e-05,1.13785590041567e-05
10-Aug-2021,3.50942722400226e-05,0.000105795793786264,4.40894488620615e-05,3.21888217379236e-05,4.33813811161409e-05,4.33813811161409e-05,4.0768692976033e-05,5.05655147767618e-05,5.14329755851353e-05,1.00240370349694e-05,1.1279285299577e-05,1.1279285299577e-05,9.3737697807355e-06,1.05682431985392e-05,1.05682431985392e-05
11-Aug-2021,3.02471010093856e-05,0.000105545469272531,4.08943711218807e-05,2.89667758160001e-05,4.02630023270697e-05,4.02630023270697e-05,3.70771966266802e-05,6.96252219159315e-05,4.53364476275226e-05,8.30117151728469e-06,9.53577525316375e-06,9.53577525316375e-06,8.13646150538414e-06,9.56390592978402e-06,9.56390592978402e-06
12-Aug-2021,2.71175127720602e-05,0.000105778045777756,3.96501732643927e-05,2.51597445681209e-05,3.89222092444278e-05,3.89222092444278e-05,3.53722872785738e-05,6.84320650196472e-05,6.30976072089008e-05,1.03197974522007e-05,1.14193297260065e-05,1.14193297260065e-05,9.20727492073977e-06,1.01543343036782e-05,1.01543343036782e-05
13-Aug-2021,2.55772946781842e-05,0.000105067116306342,3.92195564971921e-05,2.3002842340384e-05,3.83072469493843e-05,3.83072469493843e-05,3.49324013592609e-05,6.67246127664339e-05,3.61657601376004e-05,7.63760037747693e-06,8.92249336158879e-06,8.92249336158879e-06,7.39913201803143e-06,8.6572800549973e-06,8.6572800549973e-06
16-Aug-2021,2.33092743473499e-05,0.000105241990049808,3.7595767938335e-05,2.11186116665714e-05,3.6920318343696e-05,3.6920318343696e-05,3.16723041904973e-05,4.84721061290335e-05,5.80242809966456e-05,6.94213464720471e-06,8.21020615246297e-06,8.21020615246297e-06,6.98413686243867e-06,8.28115710209716e-06,8.28115710209716e-06
17-Aug-2021,2.24086276945938e-05,0.000104697266284025,3.70893776273164e-05,2.19634451679913e-05,3.63951591984745e-05,3.63951591984745e-05,3.15445827034615e-05,6.15645848008041e-05,6.02434843320886e-05,7.18574506855557e-06,8.44165451272169e-06,8.44165451272169e-06,6.81935058476833e-06,8.02951958141815e-06,8.02951958141815e-06
18-Aug-2021,4.26638259688356e-05,0.000104159643407878,5.97188616843603e-05,4.94488314143785e-05,6.70347723727029e-05,6.70347723727029e-05,5.62887418393655e-05,6.82205143347618e-05,6.82464214350497e-05,1.08771650646222e-05,1.21814205763912e-05,1.21814205763912e-05,1.01877420442784e-05,1.15058523972296e-05,1.15058523972296e-05
19-Aug-2021,7.93887521592954e-05,0.000104216843276511,9.62074325285498e-05,0.000101542763578478,0.000119040072688546,0.000119040072688546,0.000107096951030695,8.34803517917884e-05,8.40300443203877e-05,2.23192697174086e-05,2.26804732736812e-05,2.26804732736812e-05,2.43062078086937e-05,2.58399895110156e-05,2.58399895110156e-05
20-Aug-2021,6.09593702694088e-05,0.000103951666309789,6.33000383548589e-05,7.52512926345293e-05,7.46204513152818e-05,7.46204513152818e-05,6.89514976968989e-05,6.19323614201694e-05,6.3046906402618e-05,2.63266241805114e-05,2.59429071196388e-05,2.59429071196388e-05,3.26820456669929e-05,3.42664725103128e-05,3.42664725103128e-05
23-Aug-2021,6.33458118919894e-05,0.000104222292895267,6.53533590925906e-05,6.71362957277703e-05,6.43424735179452e-05,6.43424735179452e-05,7.6795972829446e-05,6.99691155449612e-05,7.90944902855393e-05,3.89237100122503e-05,3.59749120821409e-05,3.59749120821409e-05,3.28848800882748e-05,2.97039474737015e-05,2.97039474737015e-05
24-Aug-2021,6.55874958132684e-05,0.000103169241958657,6.79192651068041e-05,6.25733172095519e-05,6.04971999159599e-05,6.04971999159599e-05,8.25945625925998e-05,8.89689267103874e-05,7.51989712347659e-05,2.45347928489532e-05,2.39460052513511e-05,2.39460052513511e-05,2.45943969132564e-05,2.37003050760244e-05,2.37003050760244e-05
25-Aug-2021,5.18995277820807e-05,0.000103426834428891,5.09284152471515e-05,4.922722952488e-05,4.76123813726472e-05,4.76123813726472e-05,6.14456345191874e-05,5.98591880482887e-05,7.20217593449479e-05,1.4635921785783e-05,1.48458980754679e-05,1.48458980754679e-05,1.66886319832652e-05,1.69659443003423e-05,1.69659443003423e-05
26-Aug-2021,4.25072572587231e-05,0.000103138755623077,4.32910490679307e-05,4.0356619121141e-05,4.15263448345608e-05,4.15263448345608e-05,5.13432313624475e-05,5.07150048552547e-05,5.17966058343686e-05,8.25693716147547e-06,8.96906056713398e-06,8.96906056713398e-06,8.05535867807253e-06,8.78448011593723e-06,8.78448011593723e-06
27-Aug-2021,5.0730314593399e-05,0.000103580490315973,5.58315517369588e-05,5.37778364515885e-05,6.01794383936173e-05,6.01794383936173e-05,5.53475063344618e-05,5.37243440468669e-05,5.42490886709975e-05,7.76607092635336e-06,8.78609410502322e-06,8.78609410502322e-06,7.62310642518832e-06,8.66674845606016e-06,8.66674845606016e-06
30-Aug-2021,5.84530807877125e-05,0.000102792582082116,6.4789288971697e-05,5.40856213935052e-05,5.90515592831627e-05,5.90515592831627e-05,7.42239675936668e-05,7.87671121275855e-05,6.834467508821e-05,1.39421144625746e-05,1.50432437724472e-05,1.50432437724472e-05,1.68727665735581e-05,1.97085835984947e-05,1.97085835984947e-05
31-Aug-2021,4.96291089658562e-05,0.000102536689347811,5.25224277121607e-05,4.54674742674862e-05,4.88438969904691e-05,4.88438969904691e-05,6.19170679433204e-05,5.89348570968292e-05,6.21425696204313e-05,1.08862676606896e-05,1.18582391768891e-05,1.18582391768891e-05,1.14658646805433e-05,1.22390277122056e-05,1.22390277122056e-05
01-Sep-2021,4.25878858168628e-05,0.0001027938166661,4.56341739661194e-05,3.90921764086787e-05,4.39765832611078e-05,4.39765832611078e-05,5.04024274258779e-05,7.98358979163343e-05,4.95333684235579e-05,7.76495154318789e-06,8.71407178222129e-06,8.71407178222129e-06,7.87135470880187e-06,8.79286999293151e-06,8.79286999293151e-06
02-Sep-2021,3.61336182453789e-05,0.000101978505619433,4.03710442998996e-05,3.2618441517508e-05,3.91803035357643e-05,3.91803035357643e-05,4.31670919279935e-05,6.28938896457413e-05,6.67307927803183e-05,1.09760403438064e-05,1.15832554340827e-05,1.15832554340827e-05,1.06142894671338e-05,1.15031636601193e-05,1.15031636601193e-05
03-Sep-2021,3.17560698070889e-05,0.00010237298849814,3.83432728506288e-05,3.00892446834323e-05,3.72429259901251e-05,3.72429259901251e-05,4.02647959382429e-05,6.10735821532547e-05,5.84509201982235e-05,9.74195767291329e-06,1.02318428872783e-05,1.02318428872783e-05,8.68132039678668e-06,9.19916683819586e-06,9.19916683819586e-06
07-Sep-2021,2.90834011886867e-05,0.000101495720041763,3.68885565539451e-05,2.69070950603956e-05,3.592041883738e-05,3.592041883738e-05,3.50959079624028e-05,6.05102982575508e-05,5.2515897619612e-05,1.00914333365853e-05,1.04304291226387e-05,1.04304291226387e-05,9.4652737705833e-06,9.80118309832705e-06,9.80118309832705e-06
08-Sep-2021,3.26826273175112e-05,0.00010122301570734,4.23357619142613e-05,3.10510794431983e-05,4.34774000280004e-05,4.34774000280004e-05,3.63419779312134e-05,5.68227961604304e-05,5.90309579946448e-05,9.24677108336333e-06,9.55955320762706e-06,9.55955320762706e-06,8.34549058247276e-06,8.78766333713723e-06,8.78766333713723e-06
09-Sep-2021,3.06009564205717e-05,0.000101423318375182,3.95693045939624e-05,3.08211746885866e-05,4.01183594280871e-05,4.01183594280871e-05,3.21685435304708e-05,5.84847756816402e-05,4.9968112538109e-05,1.00163362784942e-05,1.04135149991318e-05,1.04135149991318e-05,1.15524499521862e-05,1.2881333318432e-05,1.2881333318432e-05
10-Sep-2021,3.73958251019282e-05,0.00010064034001652,4.73425089789548e-05,4.05194114930247e-05,5.0984501617998e-05,5.0984501617998e-05,3.83872389782653e-05,6.44596583831237e-05,6.62295592934734e-05,1.77198981705007e-05,1.73791280422713e-05,1.73791280422713e-05,1.59194761824665e-05,1.594849483825e-05,1.594849483825e-05
13-Sep-2021,5.55936316195218e-05,0.000101530524940161,6.66424719151239e-05,6.39549269407939e-05,7.86624962109463e-05,7.86624962109463e-05,6.31343111288927e-05,6.36307346710454e-05,6.40566887362921e-05,2.03701144433799e-05,1.97285350901998e-05,1.97285350901998e-05,2.15389973058911e-05,2.18461803777022e-05,2.18461803777022e-05
14-Sep-2021,4.49429630365299e-05,9.98829584350242e-05,4.95055420244474e-05,5.23845747786458e-05,5.51176790556802e-05,5.51176790556802e-05,4.72470947835143e-05,9.13649021529163e-05,5.63558983170149e-05,2.19161922902802e-05,2.13443770106965e-05,2.13443770106965e-05,2.72316973000886e-05,2.88245862586575e-05,2.88245862586575e-05
15-Sep-2021,5.07920565352343e-05,9.94725389898654e-05,5.64989114345515e-05,6.02320145851012e-05,6.46818456356085e-05,6.46818456356085e-05,5.1838187995457e-05,9.2099709025078e-05,6.43018290076242e-05,3.31081480721583e-05,3.11194989839561e-05,3.11194989839561e-05,2.83983309594739e-05,2.62799203487134e-05,2.62799203487134e-05
16-Sep-2021,5.69649905809996e-05,0.000100281922199777,6.29085398157909e-05,5.73092844403605e-05,5.967010225183e-05,5.967010225183e-05,7.14098721424362e-05,8.73803803910427e-05,6.41814668318012e-05,2.93135493256133e-05,2.82416395625497e-05,2.82416395625497e-05,3.29472311198357e-05,3.35374519830899e-05,3.35374519830899e-05
17-Sep-2021,4.71356972735093e-05,9.96328888067363e-05,4.96614687793598e-05,4.810270035699e-05,4.8387411601554e-05,4.8387411601554e-05,5.30574268172197e-05,8.59695963962377e-05,7.13622645710341e-05,3.30234700485175e-05,3.17869357170133e-05,3.17869357170133e-05,3.13549943449946e-05,2.9594439092389e-05,2.9594439092389e-05
20-Sep-2021,6.63265233995105e-05,9.78196914019985e-05,7.55071803804046e-05,7.81320248013946e-05,8.89923827424587e-05,8.89923827424587e-05,7.70896726059662e-05,7.5797215509313e-05,6.81381921350793e-05,3.50264369357163e-05,3.32940259894625e-05,3.32940259894625e-05,3.20395508797898e-05,3.05732589950225e-05,3.05732589950225e-05
21-Sep-2021,0.000138812912449277,9.78222039762886e-05,0.000168797846293155,0.000187333292854329,0.000230921104180805,0.000230921104180805,0.000174115928698198,0.000179985538423042,0.000176379621566617,3.87574772615979e-05,3.57126364421274e-05,3.57126364421274e-05,4.67486861407015e-05,4.68159364031293e-05,4.68159364031293e-05
22-Sep-2021,0.000111267038520286,9.93625759975968e-05,9.6610796436347e-05,0.000137464893847087,0.000126448384309428,0.000126448384309428,0.000117468752496664,9.47530648582033e-05,0.000117470098566203,5.64749933185999e-05,4.95955917895055e-05,4.95955917895055e-05,7.50008007144387e-05,7.25086363002861e-05,7.25086363002861e-05
23-Sep-2021,0.00010147124285596,9.76265078311774e-05,8.77537792878294e-05,0.000115834952430573,9.2336784980416e-05,9.2336784980416e-05,0.000111157308165935,0.000112861477104474,9.15348363107606e-05,6.87652295457815e-05,5.7963741828734e-05,5.7963741828734e-05,5.68734257759911e-05,4.67244742030292e-05,4.67244742030292e-05
24-Sep-2021,0.000110672373512255,9.77155361998349e-05,0.000100813050695499,0.000109140435139925,8.62233829038171e-05,8.62233829038171e-05,0.000124956389589419,0.000104063599954512,0.000157072036426069,5.21390275655465e-05,4.4264754022712e-05,4.4264754022712e-05,4.77431056457465e-05,3.94055076301938e-05,3.94055076301938e-05
27-Sep-2021,9.02815015221393e-05,0.00010175701357178,6.52832279732884e-05,8.42231404004151e-05,5.85625865197006e-05,5.85625865197006e-05,9.34676340686468e-05,7.61983712711692e-05,7.64132462507326e-05,3.64322398124235e-05,3.18051622388903e-05,3.18051622388903e-05,3.68826828676168e-05,3.14775414470167e-05,3.14775414470167e-05
28-Sep-2021,7.12240878573239e-05,9.76538829148473e-05,5.33307608177261e-05,7.03638421442371e-05,5.1338238442451e-05,5.1338238442451e-05,7.61451223408359e-05,6.16751510249018e-05,6.15665546276082e-05,3.64652822798013e-05,3.20213761220168e-05,3.20213761220168e-05,3.17226004325265e-05,2.77835132801241e-05,2.77835132801241e-05
29-Sep-2021,0.000183451585758504,9.82070970084107e-05,0.000189072965294278,0.000271186957568839,0.000261514666434609,0.000261514666434609,0.000216060998294305,0.000212894572327363,0.000180240140319511,2.60563742008178e-05,2.43674893496141e-05,2.43674893496141e-05,2.67420842566996e-05,2.64210127408699e-05,2.64210127408699e-05
30-Sep-2021,0.000138552238881708,9.84125656267141e-05,0.000114067260143696,0.000169221151665006,0.000148734562764106,0.000148734562764106,0.0001515718382305,0.000115034233883133,0.000116761695151394,4.89767505507087e-05,4.33825022202855e-05,4.33825022202855e-05,7.4858835800724e-05,7.54787681073526e-05,7.54787681073526e-05
01-Oct-2021,0.000152551914558845,9.86513688890628e-05,0.000126689029997511,0.000178093283359583,0.000167933332020986,0.000167933332020986,0.000155393681022163,0.00013468463826453,0.000115300724665359,4.45085305810316e-05,4.01065120134916e-05,4.01065120134916e-05,3.73090789477053e-05,3.30008284908782e-05,3.30008284908782e-05
04-Oct-2021,0.000144776435303015,9.88680814179003e-05,0.000116295799491177,0.000160677909256609,0.00012325288349358,0.00012325288349358,0.000157856736337288,0.000121459961613463,0.000121732572573452,6.68941824890258e-05,5.82269149650805e-05,5.82269149650805e-05,7.27394390726453e-05,6.63222392837563e-05,6.63222392837563e-05
05-Oct-2021,0.00016541582846868,9.90995085457593e-05,0.000137037204577051,0.000196664635423462,0.000167807204689565,0.000167807204689565,0.000158185263965782,0.000128932567647247,0.000129474758525721,6.83893589972813e-05,5.99853476140074e-05,5.99853476140074e-05,6.097447430136e-05,5.18502153449558e-05,5.18502153449558e-05
06-Oct-2021,0.000148315924064663,9.94565222025499e-05,0.000116132621773123,0.000161399692901827,0.000120253584757767,0.000120253584757767,0.000146839340167078,0.000119370822589149,0.000119200787268144,9.83495275842524e-05,8.27505905798429e-05,8.27505905798429e-05,0.000105138897151154,9.15598520188727e-05,9.15598520188727e-05
07-Oct-2021,0.000113238140389536,9.94860149783689e-05,8.03655588741985e-05,0.000121068939190752,8.10608481439098e-05,8.10608481439098e-05,0.000119826845397787,9.57914984618444e-05,9.57622958781805e-05,5.03721386232186e-05,4.52435380717466e-05,4.52435380717466e-05,4.9036694295722e-05,4.40728499919747e-05,4.40728499919747e-05
08-Oct-2021,0.000100199525475234,9.94818954218878e-05,7.45286572034862e-05,0.000100201599268042,6.82915449464918e-05,6.82915449464918e-05,0.000116983116194459,9.4318781659247e-05,9.12060848054241e-05,8.96271684266152e-05,7.64805480343038e-05,7.64805480343038e-05,7.63839848959437e-05,6.35784488962711e-05,6.35784488962711e-05
11-Oct-2021,7.88277023511652e-05,9.94172417722477e-05,5.77790961016287e-05,7.91478524801974e-05,5.48082742977237e-05,5.48082742977237e-05,9.55002179716569e-05,7.85549046566579e-05,7.83421976283653e-05,3.36906773427029e-05,3.1445765982549e-05,3.1445765982549e-05,3.39680909941514e-05,3.11217393387183e-05,3.11217393387183e-05
12-Oct-2021,7.87542496629564e-05,9.85666777355889e-05,6.51131974906556e-05,8.38891839852542e-05,7.09889338972795e-05,7.09889338972795e-05,9.47307043522989e-05,7.84258738027051e-05,7.91488853706106e-05,3.45819987116711e-05,3.28412655170496e-05,3.28412655170496e-05,3.31814787913915e-05,3.21924719285767e-05,3.21924719285767e-05
13-Oct-2021,6.43824469700149e-05,9.88846765796579e-05,5.3830949825517e-05,6.8184928714092e-05,5.7561872165897e-05,5.7561872165897e-05,8.31077284564718e-05,6.85538094479299e-05,7.04445541272069e-05,3.32542481358544e-05,3.23286803408712e-05,3.23286803408712e-05,3.89920918018001e-05,4.03171459426976e-05,4.03171459426976e-05
14-Oct-2021,5.1024134882535e-05,9.87910750400778e-05,4.58583870262864e-05,5.29951300805657e-05,4.73329597640861e-05,4.73329597640861e-05,7.57925519656278e-05,6.70001380093169e-05,6.56667903831335e-05,4.41974662961526e-05,4.21003996106959e-05,4.21003996106959e-05,4.06909674794624e-05,3.88528524378109e-05,3.88528524378109e-05
15-Oct-2021,0.000114013177381546,9.89237623694326e-05,0.000114871698799185,9.08574835616255e-05,8.34170352234666e-05,8.34170352234666e-05,0.000175148050198468,0.000149132876006673,0.00014890749599141,4.06037175708906e-05,3.93057456627055e-05,3.93057456627055e-05,3.54679159098045e-05,3.34338527449881e-05,3.34338527449881e-05
18-Oct-2021,9.73107584854374e-05,9.87618406613622e-05,8.92177824353588e-05,7.3838199624549e-05,6.75552023215887e-05,6.75552023215887e-05,0.000142725700330418,0.000121687440082095,0.000111385739687294,2.36494685098716e-05,2.39918656440001e-05,2.39918656440001e-05,2.81659371411112e-05,2.72480965792711e-05,2.72480965792711e-05
19-Oct-2021,7.4954334414178e-05,9.8910983849465e-05,6.59399714300431e-05,6.01329903339758e-05,5.34872354185461e-05,5.34872354185461e-05,0.000101327997110178,9.27286598999544e-05,8.70128885351217e-05,2.23897887596228e-05,2.29062232560361e-05,2.29062232560361e-05,2.26995882605146e-05,2.27000609713772e-05,2.27000609713772e-05
20-Oct-2021,6.8798842822434e-05,9.8050602295087e-05,6.3194303292806e-05,5.51165973847009e-05,5.17451279990404e-05,5.17451279990404e-05,9.7662252916823e-05,8.41764809827733e-05,8.43640924087951e-05,1.96078802754757e-05,2.03332943536754e-05,2.03332943536754e-05,1.86085188854083e-05,1.92272053914827e-05,1.92272053914827e-05
21-Oct-2021,5.5409364431611e-05,9.89349700332116e-05,5.23327212236268e-05,4.5139453041182e-05,4.54212449813845e-05,4.54212449813845e-05,8.45595244385677e-05,7.38525618461073e-05,7.69672356047227e-05,1.56964802473335e-05,1.6733642647789e-05,1.6733642647789e-05,1.63723937005571e-05,1.70503782914877e-05,1.70503782914877e-05
22-Oct-2021,4.49308391977282e-05,9.84951987545492e-05,4.55451257231074e-05,3.72708555596545e-05,4.1429376569976e-05,4.1429376569976e-05,7.61332233765047e-05,6.6733208258783e-05,6.92576604743874e-05,1.47743528394159e-05,1.59001667388324e-05,1.59001667388324e-05,1.40249405378919e-05,1.49447296900762e-05,1.49447296900762e-05
25-Oct-2021,3.79624344480496e-05,9.83384497833357e-05,4.20379957807225e-05,3.25604833330186e-05,3.9850851873181e-05,3.9850851873181e-05,6.8359655200747e-05,6.06768635575166e-05,6.04717059828943e-05,1.24582941690562e-05,1.36644911737152e-05,1.36644911737152e-05,1.1869218822771e-05,1.29423963859214e-05,1.29423963859214e-05
26-Oct-2021,3.52227869706319e-05,9.83126148621748e-05,4.26312852825955e-05,3.0522737034582e-05,3.97705096849757e-05,3.97705096849757e-05,6.81930990697572e-05,6.21080195710068e-05,6.06839507599441e-05,2.25767486412316e-05,2.35647406999555e-05,2.35647406999555e-05,2.0177890856152e-05,2.09974186207174e-05,2.09974186207174e-05
27-Oct-2021,2.983276105409e-05,9.7747847567945e-05,3.89520961126374e-05,2.66089236028494e-05,3.72842130657408e-05,3.72842130657408e-05,6.17509577027993e-05,5.52426737448148e-05,5.979993137926e-05,1.30479079078367e-05,1.4322014406705e-05,1.4322014406705e-05,1.2957379990903e-05,1.39859639009665e-05,1.39859639009665e-05
28-Oct-2021,3.72673872932218e-05,9.76581667470863e-05,4.78150773276957e-05,3.82555661251521e-05,5.09846021737612e-05,5.09846021737612e-05,6.38370042558343e-05,5.92668883540389e-05,5.95265438778561e-05,2.14331174982259e-05,2.26132006327384e-05,2.26132006327384e-05,1.90399009910316e-05,1.98452211960817e-05,1.98452211960817e-05
29-Oct-2021,5.33266419317952e-05,9.75470744318771e-05,6.38711744248819e-05,4.71876469867798e-05,5.55052123360629e-05,5.55052123360629e-05,9.04381694826517e-05,7.97418690493792e-05,8.01567189727229e-05,2.15309813072791e-05,2.27000722178038e-05,2.27000722178038e-05,2.48577892914549e-05,2.75279164895292e-05,2.75279164895292e-05
01-Nov-2021,4.24170762658939e-05,9.72781525955447e-05,5.02141808262102e-05,4.01179158743074e-05,4.56698726915023e-05,4.56698726915023e-05,6.9407447956462e-05,6.51710143396784e-05,6.5067389683179e-05,1.86987595492657e-05,1.97397600785438e-05,1.97397600785438e-05,1.97277242833287e-05,2.01325648877896e-05,2.01325648877896e-05
02-Nov-2021,3.47391511785094e-05,9.7075409886179e-05,4.29305193549076e-05,3.13866882513982e-05,4.03100383593844e-05,4.03100383593844e-05,6.16851106750774e-05,6.62958561688911e-05,5.96663017062334e-05,1.72453594270708e-05,1.84904046468755e-05,1.84904046468755e-05,1.58341149433733e-05,1.76405804647603e-05,1.76405804647603e-05
03-Nov-2021,3.07243700100435e-05,9.78668282911251e-05,4.06219301365147e-05,2.6874437798841e-05,3.83408967575813e-05,3.83408967575813e-05,5.97478113314696e-05,6.27541564749798e-05,5.76250725052906e-05,2.21547305562375e-05,2.29579272968942e-05,2.29579272968942e-05,1.99251315605203e-05,2.04487800240165e-05,2.04487800240165e-05
04-Nov-2021,3.48016374805493e-05,9.66361995618738e-05,4.55696703756771e-05,3.00138538954217e-05,4.08127209844152e-05,4.08127209844152e-05,6.69918117507875e-05,6.43615605424009e-05,6.40103401617163e-05,1.61071505868843e-05,1.7141041881745e-05,1.7141041881745e-05,1.54272035629428e-05,1.63008214439622e-05,1.63008214439622e-05
05-Nov-2021,3.17171425729914e-05,9.65619179758623e-05,4.25167236146339e-05,2.81203120662711e-05,3.88622635473771e-05,3.88622635473771e-05,5.86346648677206e-05,6.01019717759112e-05,6.61588163820119e-05,2.07348908514156e-05,2.15771721744007e-05,2.15771721744007e-05,1.98153319067971e-05,2.01339956440624e-05,2.01339956440624e-05
08-Nov-2021,2.87825876411588e-05,9.62669844808778e-05,3.99565215972892e-05,2.77304018654106e-05,3.72046757583282e-05,3.72046757583282e-05,5.56561505126325e-05,5.97938684899668e-05,5.86035803621354e-05,1.95680821981533e-05,2.04813702212836e-05,2.04813702212836e-05,1.83415473749669e-05,1.89760532395017e-05,1.89760532395017e-05
09-Nov-2021,2.47966404734139e-05,9.59029138572106e-05,3.64419572819048e-05,2.28155888760025e-05,3.48012107682802e-05,3.48012107682802e-05,5.0335981887655e-05,5.34169837139536e-05,5.32227448292934e-05,2.47629657683449e-05,2.52436013223532e-05,2.52436013223532e-05,2.25533138543851e-05,2.24571751029196e-05,2.24571751029196e-05
10-Nov-2021,2.88963651676065e-05,9.53202801833576e-05,4.07845409251344e-05,2.9221635997245e-05,4.20594182875887e-05,4.20594182875887e-05,5.06746107017102e-05,5.32173034087394e-05,5.34653452558907e-05,1.83054657225069e-05,1.9134063551418e-05,1.9134063551418e-05,1.64179710265861e-05,1.71825275814069e-05,1.71825275814069e-05
11-Nov-2021,5.22975179093053e-05,9.55928578458915e-05,6.2887920926308e-05,5.91404845913189e-05,7.54489914745425e-05,7.54489914745425e-05,7.52645083770024e-05,7.25424958950782e-05,7.11089497896515e-05,2.94492966058176e-05,2.94398148391608e-05,2.94398148391608e-05,2.91996056402855e-05,2.99535146076175e-05,2.99535146076175e-05
12-Nov-2021,4.14011547458046e-05,9.52493806922737e-05,4.89558361069603e-05,4.76040259894178e-05,5.52117972326498e-05,5.52117972326498e-05,5.80892273202854e-05,6.41502259947725e-05,5.82196648355715e-05,2.85588790775266e-05,2.83447826691296e-05,2.83447826691296e-05,3.48847091695632e-05,3.70854760839709e-05,3.70854760839709e-05
15-Nov-2021,4.46863463397337e-05,9.5414003766058e-05,5.2084404883037e-05,4.54423426094713e-05,5.0826370604501e-05,5.0826370604501e-05,6.98889258607087e-05,6.66292156367511e-05,6.64353244331968e-05,1.58646230055941e-05,1.6396535763985e-05,1.6396535763985e-05,1.435682848604e-05,1.50903833081035e-05,1.50903833081035e-05
16-Nov-2021,3.64038665529127e-05,9.48802938520177e-05,4.35101994545669e-05,3.55621256604652e-05,4.25706966384717e-05,4.25706966384717e-05,5.68372954593545e-05,6.18566632585678e-05,5.65808660390565e-05,1.86634210409857e-05,1.90837850275211e-05,1.90837850275211e-05,1.84506501419924e-05,1.85087842845145e-05,1.85087842845145e-05
17-Nov-2021,3.23999031177838e-05,9.46631580938194e-05,4.0381585646907e-05,3.16340867061659e-05,3.9010377227051e-05,3.9010377227051e-05,5.62046986108455e-05,5.69186781034515e-05,5.66677808515978e-05,2.01611793978733e-05,2.03569942360868e-05,2.03569942360868e-05,1.76190029734079e-05,1.79680617501676e-05,1.79680617501676e-05
18-Nov-2021,3.16422090090503e-05,9.40660741447612e-05,4.03707384615072e-05,3.18139104109201e-05,4.07998079345733e-05,4.07998079345733e-05,5.31842431610566e-05,5.35936423509977e-05,5.33697041002888e-05,1.40221849486073e-05,1.47300088726107e-05,1.47300088726107e-05,1.34879082592048e-05,1.41006960366636e-05,1.41006960366636e-05
19-Nov-2021,2.81675063300639e-05,9.42891444348156e-05,3.76526313349158e-05,2.81526198221911e-05,3.73620071625244e-05,3.73620071625244e-05,5.23711420453506e-05,5.33875767341745e-05,5.60929227227099e-05,1.50661342024947e-05,1.58967584913431e-05,1.58967584913431e-05,1.5751999745082e-05,1.71089311619674e-05,1.71089311619674e-05
22-Nov-2021,2.65293404509769e-05,9.40415004133572e-05,3.62801538432453e-05,2.70734540222517e-05,3.6490178440207e-05,3.6490178440207e-05,4.90151007171569e-05,5.53932335702206e-05,5.03111203782085e-05,1.98606612344635e-05,2.0458655101733e-05,2.0458655101733e-05,1.7914711131922e-05,1.84722264569825e-05,1.84722264569825e-05
23-Nov-2021,2.8983022778809e-05,9.3718473589302e-05,3.88969294563101e-05,3.02904124065798e-05,4.09449206517684e-05,4.09449206517684e-05,4.92369915705437e-05,5.06598095574637e-05,5.01607227355999e-05,1.84813245716554e-05,1.91936500432181e-05,1.91936500432181e-05,1.7484315588107e-05,1.83426084451831e-05,1.83426084451831e-05
24-Nov-2021,2.49383126701128e-05,9.34819687070057e-05,3.48810052403406e-05,2.65209996920897e-05,3.60381710319149e-05,3.60381710319149e-05,4.65369194543855e-05,4.84087412431228e-05,4.83086921559388e-05,2.85742841306789e-05,2.87370800333741e-05,2.87370800333741e-05,2.73679296107049e-05,2.79251298981076e-05,2.79251298981076e-05
26-Nov-2021,2.17719215118294e-05,9.27901522460841e-05,3.26601935180483e-05,2.34785219776334e-05,3.33815596106945e-05,3.33815596106945e-05,5.14424752388276e-05,4.82536501686904e-05,4.76141800364344e-05,4.28344833803076e-05,4.08556478202924e-05,4.08556478202924e-05,3.59663447336572e-05,3.3813651654301e-05,3.3813651654301e-05
29-Nov-2021,0.000188014341193054,9.21589043569431e-05,0.000192641992968265,0.000274300621865149,0.000274967685259617,0.000274967685259617,0.000324264664969345,0.000269493740609501,0.000270623682927965,3.01603808660765e-05,2.9413198600272e-05,2.9413198600272e-05,2.68043498373036e-05,2.61157944479363e-05,2.61157944479363e-05
30-Nov-2021,0.000177902788414157,9.24155754149523e-05,0.00015656497608079,0.0002212118817429,0.000181350968910406,0.000181350968910406,0.00024907158173678,0.000195829230051457,0.000200156511187679,5.73875629134106e-05,5.26309321286077e-05,5.26309321286077e-05,8.47263217697672e-05,8.2549776210499e-05,8.2549776210499e-05
01-Dec-2021,0.0002472579823345,9.30206792787063e-05,0.000211410632488021,0.000339193042053409,0.000283622413262735,0.000283622413262735,0.000279933089558126,0.000226090945178475,0.00022726783604336,3.36390179543881e-05,3.200254699276e-05,3.200254699276e-05,3.46654347679737e-05,3.22637368104197e-05,3.22637368104197e-05
02-Dec-2021,0.000226257951444221,9.33937208831753e-05,0.000172079477188302,0.000328883136721129,0.000234358577018669,0.000234358577018669,0.000215274933659447,0.000174422554147195,0.000177737321263012,7.37371905149869e-05,6.66216490570991e-05,6.66216490570991e-05,9.24678564317428e-05,8.69081094038081e-05,8.69081094038081e-05
03-Dec-2021,0.000210635669014386,9.37135589125406e-05,0.000153906014010574,0.000251373879018018,0.000164737937133736,0.000164737937133736,0.000199715890376345,0.000163051864330469,0.000164174457501953,9.23386642970238e-05,8.22639656776995e-05,8.22639656776995e-05,9.41564733240263e-05,8.51147938436351e-05,8.51147938436351e-05
06-Dec-2021,0.000178078071800168,9.38807856288707e-05,0.000121555832508453,0.000212165550108768,0.000139792344028648,0.000139792344028648,0.00016184752427514,0.000129539059130958,0.000129507389729329,0.000115910289399449,0.000100391918233367,0.000100391918233367,0.00010112959284112,8.56922517186324e-05,8.56922517186324e-05
07-Dec-2021,0.000160403989367562,9.40003902281422e-05,0.000111681107275691,0.000164657522108449,0.000106750499713118,0.000106750499713118,0.000157667953073283,0.000126779789927833,0.000126888203456453,0.000134001144631771,0.000113999299285739,0.000113999299285739,0.00012530360650256,0.000107344257327883,0.000107344257327883
08-Dec-2021,0.000224457021727667,9.44592703419265e-05,0.000180897340958661,0.00017712807625519,0.000126208679325206,0.000126208679325206,0.000225256671720296,0.000192562463496166,0.000202800166433982,9.7667570687247e-05,8.16682894028502e-05,8.16682894028502e-05,8.98349645936255e-05,7.42404171384274e-05,7.42404171384274e-05
09-Dec-2021,0.000161728629133036,9.47374199683303e-05,0.000113679661362981,0.000141528912001418,8.51654954057862e-05,8.51654954057862e-05,0.000164642341721425,0.000138305703071253,0.00013188308344945,4.49648086776958e-05,3.95473097735431e-05,3.95473097735431e-05,5.22149843971388e-05,4.41593879158175e-05,4.41593879158175e-05
10-Dec-2021,0.000137643983835514,9.46876726637771e-05,9.55832758265751e-05,0.000120939152746419,8.88533567777451e-05,8.88533567777451e-05,0.000143800097296737,0.000112192099981472,0.000112345096365585,4.27499304516024e-05,3.85597789350014e-05,3.85597789350014e-05,3.92878144204711e-05,3.57966242945258e-05,3.57966242945258e-05
13-Dec-2021,0.000120701366590291,9.46770706361899e-05,8.71148715327224e-05,9.89355312716099e-05,7.41623962586197e-05,7.41623962586197e-05,0.000137837342502133,0.000107909681575039,0.000107874559206963,3.52224692892414e-05,3.30839274755245e-05,3.30839274755245e-05,4.3058864138671e-05,4.25745440006758e-05,4.25745440006758e-05
14-Dec-2021,0.000120164259110068,9.46352189432531e-05,9.15281420979669e-05,0.000120418566262895,9.76389309234713e-05,9.76389309234713e-05,0.000131436513862943,0.000103005728774809,0.000103054747978713,3.59488335959479e-05,3.46494559176301e-05,3.46494559176301e-05,3.4040892448539e-05,3.23779127352718e-05,3.23779127352718e-05
15-Dec-2021,0.000110579557347927,9.45136687040592e-05,8.51849427474333e-05,0.000119989340987726,9.76611995431198e-05,9.76611995431198e-05,0.000126218201376898,9.44624593632794e-05,9.38680481480667e-05,3.13001641535961e-05,3.08018437346502e-05,3.08018437346502e-05,3.92273146954834e-05,4.03623591192006e-05,4.03623591192006e-05
16-Dec-2021,0.000145710992608201,9.42482187628533e-05,0.000124983029970049,0.000124155985990623,9.91567822881634e-05,9.91567822881634e-05,0.000192150306222524,0.000140189365625234,0.000146552191712273,3.95837707697657e-05,3.8475074631559e-05,3.8475074631559e-05,4.34587235331243e-05,4.44099862831338e-05,4.44099862831338e-05
17-Dec-2021,0.000134990005547,9.42468997012106e-05,0.000110110536854098,0.000130760395236801,0.000108505525005252,0.000108505525005252,0.000137715950403412,0.000115373539202236,0.0001166966384129,6.55864489848577e-05,6.18258300656662e-05,6.18258300656662e-05,5.95310673173812e-05,5.47705637049577e-05,5.47705637049577e-05
20-Dec-2021,0.000136690297842938,9.43395404677757e-05,0.000110299013992059,0.000150606844633677,0.000127275366016529,0.000127275366016529,0.000133819240991808,0.000113285897361235,0.000111833259365711,6.64472542732225e-05,6.17603093425699e-05,6.17603093425699e-05,6.87506666466067e-05,6.50065680766505e-05,6.50065680766505e-05
21-Dec-2021,0.000145415411706491,9.45371553038752e-05,0.000117834751440447,0.000176846990491933,0.000148381519309553,0.000148381519309553,0.000136647674036518,0.000115023577799739,0.000115070550588869,9.41793789307307e-05,8.50493192130845e-05,8.50493192130845e-05,9.49872804286374e-05,8.70258928070797e-05,8.70258928070797e-05
22-Dec-2021,0.000182859291119871,9.48846654488998e-05,0.000155870011038587,0.00017020684573208,0.00013263632374457,0.00013263632374457,0.000182791473765861,0.000165204484686156,0.00016515958264974,7.60215624756764e-05,6.76665485465022e-05,6.76665485465022e-05,8.71949783099237e-05,8.10962157769587e-05,8.10962157769587e-05
23-Dec-2021,0.00015544406227204,9.50917373962983e-05,0.000122399871850193,0.000167669575173994,9.95267455916247e-05,9.95267455916247e-05,0.000164708148820362,0.000134594320208903,0.000138646514357413,6.2544052326443e-05,5.56173921688399e-05,5.56173921688399e-05,6.29369583880257e-05,5.44950039453339e-05,5.44950039453339e-05
27-Dec-2021,0.000120744544367828,9.4933034943898e-05,8.93069923354458e-05,0.000100905644868681,7.39441564496576e-05,7.39441564496576e-05,0.000137790295084738,0.000110628720633999,0.000111596355325672,3.7063201567621e-05,3.41320435731419e-05,3.41320435731419e-05,3.76263857367605e-05,3.42107163026061e-05,3.42107163026061e-05
28-Dec-2021,0.000134473629154222,9.54761594337831e-05,0.000108555894712922,0.000102073720927728,7.76863331447207e-05,7.76863331447207e-05,0.000147258453794493,0.000127113487492116,0.000128367047146965,2.79204052420569e-05,2.65227923579263e-05,2.65227923579263e-05,2.77351272905826e-05,2.62063143443539e-05,2.62063143443539e-05
29-Dec-2021,0.000100951424047932,9.53536770030233e-05,7.63983130692524e-05,7.67131833200626e-05,5.99557270330107e-05,5.99557270330107e-05,0.000116022198374591,0.00010597745817786,9.99352442571162e-05,1.66346051323027e-05,1.68569449488042e-05,1.68569449488042e-05,2.05864148283727e-05,1.99239386342693e-05,1.99239386342693e-05
30-Dec-2021,7.64600725619099e-05,9.52563084286224e-05,5.77693321085528e-05,5.82562416932477e-05,4.92034641341519e-05,4.92034641341519e-05,9.99898952786879e-05,8.10539749308531e-05,8.1951906410494e-05,2.7228890300295e-05,2.80106989008163e-05,2.80106989008163e-05,2.49455681685284e-05,2.57871663051517e-05,2.57871663051517e-05
31-Dec-2021,6.42907414445029e-05,9.50756785970378e-05,5.23097420667164e-05,5.25233491354776e-05,4.92632192193954e-05,4.92632192193954e-05,8.84737346021887e-05,7.06719393660858e-05,7.2460280798729e-05,1.89446766778948e-05,1.99077968390197e-05,1.99077968390197e-05,1.73831570182322e-05,1.85239950818164e-05,1.85239950818164e-05
03-Jan-2022,5.49444633377106e-05,9.48825718126785e-05,4.86988414499539e-05,4.74527739560846e-05,4.81316160187124e-05,4.81316160187124e-05,7.85105871854187e-05,6.54216515769751e-05,6.59282397766592e-05,1.44288370608827e-05,1.54953249997076e-05,1.54953249997076e-05,1.64696999425162e-05,1.82840493595379e-05,1.82840493595379e-05
04-Jan-2022,5.1813245584695e-05,9.47205959323715e-05,5.08181717927047e-05,4.32188364886356e-05,4.63289830711195e-05,4.63289830711195e-05,7.870436332171e-05,6.7563964486216e-05,6.8115240389288e-05,2.18652684838166e-05,2.33189444891693e-05,2.33189444891693e-05,2.20169227468363e-05,2.3789631000614e-05,2.3789631000614e-05
05-Jan-2022,4.30855594762456e-05,9.45510925163717e-05,4.49070745875912e-05,3.66249223644858e-05,4.2331008726191e-05,4.2331008726191e-05,6.79672741163931e-05,6.65601946914261e-05,6.5459215531071e-05,3.52379842610557e-05,3.60082299048256e-05,3.60082299048256e-05,3.20313492510909e-05,3.21571777614776e-05,3.21571777614776e-05
06-Jan-2022,0.000151858464713096,9.46487737464476e-05,0.000154071416994438,0.000215031500804729,0.00021216563679227,0.00021216563679227,0.000214017784045757,0.000200556914915796,0.000180978151336246,2.60727072676237e-05,2.6755935231145e-05,2.6755935231145e-05,2.34089913158849e-05,2.40178882444339e-05,2.40178882444339e-05
07-Jan-2022,0.000114086578800779,9.4565648049469e-05,9.96924149813079e-05,0.000153607185600569,0.000133099137572534,0.000133099137572534,0.000134423273186834,0.000120037039360869,0.000120956564834625,3.57119898095622e-05,3.57840631793092e-05,3.57840631793092e-05,6.20483040247856e-05,6.8729401664446e-05,6.8729401664446e-05
10-Jan-2022,9.3701657358434e-05,9.44816927969833e-05,7.78728612886033e-05,0.000121348370370948,9.98806769948623e-05,9.98806769948623e-05,0.000100929170678885,8.92616050113457e-05,8.92114630425438e-05,5.09873662177325e-05,4.89614144224209e-05,4.89614144224209e-05,4.37678462614628e-05,4.17499772026343e-05,4.17499772026343e-05
11-Jan-2022,7.40055256987896e-05,9.43687402673331e-05,6.11644482847209e-05,9.13220090127176e-05,7.43228726431716e-05,7.43228726431716e-05,8.17932486304851e-05,7.19897940684763e-05,7.19862992632068e-05,4.10357117725735e-05,3.9141951781946e-05,3.9141951781946e-05,4.12295137093157e-05,4.02570790363462e-05,4.02570790363462e-05
12-Jan-2022,7.5481229145119e-05,9.44627292000437e-05,6.76929728519423e-05,7.96409460054937e-05,6.58658694488054e-05,6.58658694488054e-05,9.12106379845305e-05,8.91458326762773e-05,8.19578315379923e-05,6.61361357719551e-05,6.21316623133318e-05,6.21316623133318e-05,5.68066249053806e-05,5.2822418482351e-05,5.2822418482351e-05
13-Jan-2022,6.01812470508553e-05,9.42881527980964e-05,5.52254693749079e-05,6.15480772459985e-05,5.41653949260774e-05,5.41653949260774e-05,7.58056831455271e-05,6.84882672555259e-05,8.07706406501126e-05,5.42983949356357e-05,5.03225084928721e-05,5.03225084928721e-05,5.03823073504169e-05,4.59115164197987e-05,4.59115164197987e-05
14-Jan-2022,0.000111873798055937,9.44754631376782e-05,0.000105704185360075,0.000148250941237427,0.000133343928887705,0.000133343928887705,0.000128232920504756,0.00011736618255063,0.000126347350105226,4.06043519813839e-05,3.80930028458389e-05,3.80930028458389e-05,3.7071669091208e-05,3.48736528802047e-05,3.48736528802047e-05
18-Jan-2022,8.5160447915269e-05,9.43860094119796e-05,7.55022147723806e-05,0.000107378258812736,9.24780838696426e-05,9.24780838696426e-05,9.15759448383341e-05,8.09474730514851e-05,8.32821246605728e-05,5.74411036031167e-05,5.3887878246339e-05,5.3887878246339e-05,7.57386953664519e-05,7.47111979726309e-05,7.47111979726309e-05
19-Jan-2022,0.000169375076491762,9.49631336791803e-05,0.000151118487851871,0.000211161094004806,0.000210727249596779,0.000210727249596779,0.000189590609878126,0.00016971133029717,0.000169025828113925,7.66732545391822e-05,7.05470625782521e-05,7.05470625782521e-05,6.53541926368667e-05,5.97035281477397e-05,5.97035281477397e-05
20-Jan-2022,0.000156800398114592,9.51286045718786e-05,0.00012850393081897,0.000221413594605782,0.000177608401705489,0.000177608401705489,0.00015153277733504,0.000133480816901498,0.000133364997272783,6.78247685988795e-05,6.25416709012132e-05,6.25416709012132e-05,9.44269669422248e-05,9.46003384985422e-05,9.46003384985422e-05
21-Jan-2022,0.000156235459217949,9.54030619810464e-05,0.000123634480111045,0.000217559305696671,0.000170579260853301,0.000170579260853301,0.000140991570382774,0.00012458628171148,0.000123828407548942,7.00616563071855e-05,6.40567272958374e-05,6.40567272958374e-05,7.68669193637518e-05,7.2094444717854e-05,7.2094444717854e-05
24-Jan-2022,0.000226226262977554,9.59505865134018e-05,0.000184962919190558,0.000327901670806668,0.000265367431521839,0.000265367431521839,0.000202044275954898,0.00018183765581764,0.00018101493169392,7.99308510572717e-05,7.14645733011247e-05,7.14645733011247e-05,8.87944426222143e-05,8.19041496864945e-05,8.19041496864945e-05
25-Jan-2022,0.000165600155955617,9.60711678044618e-05,0.000121045587984249,0.000228984855985099,0.000169262928146158,0.000169262928146158,0.000143905123499176,0.000124352194111605,0.000124521058725571,0.00014017538779856,0.00012348907167353,0.00012348907167353,0.000152553824760302,0.000137557366873954,0.000137557366873954
26-Jan-2022,0.00017024964825753,9.63172801580118e-05,0.000126896026339662,0.000235684589166345,0.000176512155102426,0.000176512155102426,0.000147190780478451,0.000132628778539829,0.000127931477052387,0.000255480288599084,0.000219946381683447,0.000219946381683447,0.000198132991828313,0.00016589387273452,0.00016589387273452
27-Jan-2022,0.000127306243563959,9.63536034893881e-05,8.96701911143505e-05,0.000168624873395065,0.000120160408306496,0.000120160408306496,0.000115723498111479,9.76792822383892e-05,0.000101201605154498,0.00023056624472475,0.000195993547015935,0.000195993547015935,0.000213599488167944,0.000182614247292213,0.000182614247292213
28-Jan-2022,0.00010653730584777,9.63821831410615e-05,7.65900552489645e-05,0.000137220928509112,9.86954268160772e-05,9.86954268160772e-05,0.000103617216551766,8.77947958374851e-05,8.77138885370671e-05,0.000314773105338665,0.000260392986508729,0.000260392986508729,0.000252274554206627,0.000208997563410299,0.000208997563410299
31-Jan-2022,0.00022583893551076,9.71825386338071e-05,0.00018496145925105,0.000184027825437597,0.000122047453888104,0.000122047453888104,0.000249929543705381,0.000230309735427178,0.000231039703186604,0.000257003661771435,0.000207879568605511,0.000207879568605511,0.000226468795557197,0.000191435653145161,0.000191435653145161
01-Feb-2022,0.000250248246233776,9.7679003996325e-05,0.000199987240259867,0.000181692458626235,0.000120643592513622,0.000120643592513622,0.000257283933834417,0.0002263319524182,0.000225389177950393,0.000231063202033905,0.000183378730182578,0.000183378730182578,0.000209308167954814,0.000164777002083694,0.000164777002083694
02-Feb-2022,0.000190304921597831,9.79235512171953e-05,0.000141535439922781,0.000134678650760159,9.03543036516759e-05,9.03543036516759e-05,0.000187709322448713,0.000158835974064547,0.000158903197012057,0.000131401704946492,0.00010732500484261,0.00010732500484261,0.000125248559123513,0.000101995650328254,0.000101995650328254
03-Feb-2022,0.000158581193360636,9.8173682815287e-05,0.000115119627682894,0.000109911442580112,7.63865913484017e-05,7.63865913484017e-05,0.000162683027997549,0.000136943128311698,0.000138092179089701,0.000121490217370125,0.000101415213630583,0.000101415213630583,0.000107657368310887,9.10924181304144e-05,9.10924181304144e-05
04-Feb-2022,0.000300673852759759,9.89038676734222e-05,0.000236212084842223,0.000363657123507388,0.000282447847894278,0.000282447847894278,0.000264871840942609,0.000232877314481235,0.000235624475569178,9.09760049787721e-05,7.87062670200245e-05,7.87062670200245e-05,8.44631040398379e-05,7.23604314053587e-05,7.23604314053587e-05
07-Feb-2022,0.000220933198604224,9.91981956233685e-05,0.000165370895718964,0.00026350081823248,0.000193003567820374,0.000193003567820374,0.00019426799323082,0.000160626515689526,0.000163525570802439,9.13280951160597e-05,8.11254580508998e-05,8.11254580508998e-05,0.000141537727432774,0.000137859650738149,0.000137859650738149
08-Feb-2022,0.000167453672533381,9.93884386165438e-05,0.000122201401063409,0.000189563297843293,0.000142834508643362,0.000142834508643362,0.000156717053594289,0.00012959847913359,0.000129554080664219,9.98381232534817e-05,8.993113800895e-05,8.993113800895e-05,8.61561619828331e-05,7.80182089092279e-05,7.80182089092279e-05
09-Feb-2022,0.00013854081987208,9.93946181246944e-05,0.000102424514698333,0.000145955785072537,0.00011104040507604,0.00011104040507604,0.00014387283544589,0.000118249478092187,0.000117820148199019,8.78426645225927e-05,7.89475572667952e-05,7.89475572667952e-05,8.12290312727808e-05,7.46265588425843e-05,7.46265588425843e-05
10-Feb-2022,0.00015224786790466,9.95020793514162e-05,0.000118554435292506,0.000137320355871081,0.000104671211967885,0.000104671211967885,0.000160763800376684,0.000137495587494238,0.000137468944124431,6.68014542558606e-05,6.02998146454326e-05,6.02998146454326e-05,6.17235000594875e-05,5.58833212118452e-05,5.58833212118452e-05
11-Feb-2022,0.000214334193035233,9.98605849452922e-05,0.000169511618130698,0.000250316753010065,0.000193280698471397,0.000193280698471397,0.000196640039618579,0.000175622731454772,0.000154323936533884,4.22351398630812e-05,3.89281131111132e-05,3.89281131111132e-05,4.46606630858058e-05,4.05340821972703e-05,4.05340821972703e-05
14-Feb-2022,0.000267174094761139,0.000100315513349386,0.000211015479413549,0.000341407227007727,0.000264854803147605,0.000264854803147605,0.000226509528121223,0.000200388680486739,0.00019985633533094,9.80449456656788e-05,9.06610276835381e-05,9.06610276835381e-05,0.000118094933140119,0.000113117318983138,0.000113117318983138
15-Feb-2022,0.000200935979614798,0.000100440817592778,0.000151731414865544,0.000265111631462534,0.000190282763992067,0.000190282763992067,0.000171948420914287,0.00014572087671739,0.000144370612720475,0.000123702116425526,0.000113776575807508,0.000113776575807508,0.000139977380693933,0.000136492099253856,0.000136492099253856
16-Feb-2022,0.0002053982482667,0.00010066631766953,0.000158381268764668,0.000214924733741613,0.000161026686914856,0.000161026686914856,0.000188467711653102,0.000164156653436708,0.000161596209797489,0.000104533844970033,9.47181182805383e-05,9.47181182805383e-05,9.39359214452969e-05,8.55923231969476e-05,8.55923231969476e-05
17-Feb-2022,0.000151914023032929,0.000100675564139559,0.000114066375443184,0.00014070594364876,0.00011790029349598,0.00011790029349598,0.00014791957064501,0.000123020443831027,0.000122967669123922,5.63096308403943e-05,5.11005989376403e-05,5.11005989376403e-05,5.7900149353395e-05,5.13451145434315e-05,5.13451145434315e-05
18-Feb-2022,0.000247020604269928,0.000101190988551843,0.000194732077538548,0.000309281651166006,0.000240230127012687,0.000240230127012687,0.000217486610528564,0.000192345045309704,0.00019890368709257,7.62853543226787e-05,6.80744334459916e-05,6.80744334459916e-05,6.65127662545733e-05,6.04209430210777e-05,6.04209430210777e-05
22-Feb-2022,0.000199444834715749,0.000101359883007698,0.000153786018700065,0.000246020375546144,0.000190575841423826,0.000190575841423826,0.00017310793586822,0.000150274875639289,0.000148885385340276,6.40002601815034e-05,5.85527494778405e-05,5.85527494778405e-05,0.000116041076970157,0.000115554552570224,0.000115554552570224
23-Feb-2022,0.000181093168670039,0.00010153187822727,0.000139120809368055,0.000224713451874301,0.000174638864222754,0.000174638864222754,0.000159068628621344,0.000134981166661241,0.000137299014945401,9.51923215469615e-05,8.94982057780672e-05,8.94982057780672e-05,9.33311346833324e-05,9.21751259962663e-05,9.21751259962663e-05
24-Feb-2022,0.000236025325153327,0.000101955080274641,0.000184157943743907,0.000309303553203144,0.000240792806360326,0.000240792806360326,0.000199220223705147,0.000175491680018161,0.000175629967201599,0.000121481812778371,0.000113947212191334,0.000113947212191334,0.000120778674045185,0.000113009173580516,0.000113009173580516
25-Feb-2022,0.000224785171780544,0.000102293025937296,0.000176032431158152,0.000254596823140802,0.000194132485978344,0.000194132485978344,0.000196215466667163,0.000171649583489689,0.000171638054321894,0.000103563574731356,9.78017171207137e-05,9.78017171207137e-05,0.000134521795710084,0.000133177949358276,0.000133177949358276
28-Feb-2022,0.00028424172229998,0.000102893918108565,0.000226900416702592,0.000299399552388169,0.000188904859568295,0.000188904859568295,0.000253740643778644,0.000221514454182315,0.000221159786388158,0.000228059679929769,0.000207714970294594,0.000207714970294594,0.000196467941115821,0.000169592438090507,0.000169592438090507
01-Mar-2022,0.00021161175003031,0.000103070664857838,0.000164356520164677,0.000190837836820679,0.000141564887006102,0.000141564887006102,0.000192084602832526,0.000160657492146264,0.000159678137738018,0.000136722419106892,0.000123611892694381,0.000123611892694381,0.000130632019677173,0.000113457045396604,0.000113457045396604
02-Mar-2022,0.000229809021322087,0.000103501794743878,0.00017901588395663,0.000267323868861314,0.000187068741132706,0.000187068741132706,0.000204165409671037,0.000172980082262008,0.000172028412022179,0.000167891728029857,0.000148699671647645,0.000148699671647645,0.000146520951883748,0.000133603737794621,0.000133603737794621
03-Mar-2022,0.000250032968151624,0.000103787319852621,0.000197883407815557,0.000227112231453627,0.000169854669749808,0.000169854669749808,0.000227907141827204,0.000176088806525673,0.000195627475201143,0.000157896715147165,0.000139829304744208,0.000139829304744208,0.000176511908182167,0.000162518226582237,0.000162518226582237
04-Mar-2022,0.000195218984186571,0.00010388327644216,0.000151520534060628,0.000180251782830992,0.000136796420973597,0.000136796420973597,0.000180588901062121,0.000151686425478476,0.00015135393340518,0.000152585201126991,0.000134293515310375,0.000134293515310375,0.000140694350791986,0.000121390739078839,0.000121390739078839
07-Mar-2022,0.000166643789482933,0.000103919708665228,0.000129041130443893,0.000162353843779681,0.00012629866390591,0.00012629866390591,0.000160287499997655,0.000135082875525562,0.000135380545396829,0.000133263053163494,0.000119740892328813,0.000119740892328813,0.000124253886129174,0.000113371433161217,0.000113371433161217
08-Mar-2022,0.000375531789857047,0.000104943810792489,0.000297983695789464,0.000486576637255808,0.000381943124769105,0.000381943124769105,0.00033354354589346,0.000297743790120015,0.000295092608299634,0.000140977216551088,0.000126307546224208,0.000126307546224208,0.000137459474293842,0.000125789144839696,0.000125789144839696
09-Mar-2022,0.000293292605114768,0.000105397393397479,0.000229411221046205,0.000319084206066948,0.000290984245594613,0.000290984245594613,0.000244099198998243,0.000204372880846751,0.00020580565197269,0.00012476362816272,0.000113816198873824,0.000113816198873824,0.000202353316333431,0.000208080411930556,0.000208080411930556
10-Mar-2022,0.000373245592439824,0.000106237012305572,0.000295397727627445,0.000404128198150075,0.000272918517182395,0.000272918517182395,0.000320137493656333,0.000274148518656429,0.000267600005298681,0.000238220081994097,0.000213642275022965,0.000213642275022965,0.000205861486679877,0.000181144594943787,0.000181144594943787
11-Mar-2022,0.000280258939272801,0.000106699610915368,0.00022080127073064,0.000273173598173507,0.000207226538241489,0.000207226538241489,0.000236520182017005,0.000196620168456509,0.000196969832603551,0.000106960011968597,9.72534636018132e-05,9.72534636018132e-05,0.000108191707782466,9.40333202345986e-05,9.40333202345986e-05
14-Mar-2022,0.000258292907162332,0.000107134948327564,0.000203233082357895,0.000273213939851699,0.000210132239520463,0.000210132239520463,0.000220811950971577,0.000185079779603924,0.000185070147350301,0.000129764932376049,0.000118136354267296,0.000118136354267296,0.000118918187226541,0.000108803353636631,0.000108803353636631
15-Mar-2022,0.000210378421503554,0.000107682331642164,0.000165380717788489,0.000226404527134615,0.00017593093808839,0.00017593093808839,0.00018769901040973,0.000161394549066481,0.000157000863262606,0.000101952626828975,9.36606625788117e-05,9.36606625788117e-05,0.000124110398072319,0.000120489558489091,0.000120489558489091
16-Mar-2022,0.000264508066848592,0.000108196795361159,0.000210987393761341,0.000228602437296432,0.000172920922901367,0.000172920922901367,0.00024085066760646,0.000208645331659414,0.000212385443160922,0.000108321213820883,0.000100291314221498,0.000100291314221498,0.000109836936021425,0.000103141766787094,0.000103141766787094
17-Mar-2022,0.000314255174118019,0.00010882200047659,0.000250976029616106,0.000237320222552097,0.000177166258279201,0.000177166258279201,0.000281392933408329,0.000250547138531683,0.000247861480966976,0.000100319067402558,9.46597397559536e-05,9.46597397559536e-05,9.58500374229208e-05,8.71849641492973e-05,8.71849641492973e-05
18-Mar-2022,0.000263654063345409,0.00010925387868025,0.00021252210533723,0.000192214313864999,0.000147481255298294,0.000147481255298294,0.000239775075592012,0.000205393326403205,0.000199786699727836,0.000153927201850689,0.000142469389685244,0.000142469389685244,0.000137254173920271,0.000122454652677519,0.000122454652677519
21-Mar-2022,0.000223433920333293,0.000109542861080156,0.000182500029982506,0.000158289064457988,0.000125245621232469,0.000125245621232469,0.000214442841063062,0.000182632431201249,0.000185709517945602,8.50960492767151e-05,7.94404642543155e-05,7.94404642543155e-05,7.92482319765617e-05,7.18387063197943e-05,7.18387063197943e-05
22-Mar-2022,0.000165322472997958,0.000109667814835115,0.000137922382959984,0.000116461687406791,9.70960537160018e-05,9.70960537160018e-05,0.000173068445482891,0.000146296022756767,0.000146234116713045,6.36829856614063e-05,6.05213115881651e-05,6.05213115881651e-05,6.17915074346659e-05,5.78113025189555e-05,5.78113025189555e-05
23-Mar-2022,0.000151662791796775,0.00010986678464214,0.000128109367914542,0.000105066703603717,8.91371162554947e-05,8.91371162554947e-05,0.000169795028669373,0.000150275918437157,0.00014551417768998,9.72412397561464e-05,9.24288871986552e-05,9.24288871986552e-05,8.21196122676655e-05,7.68075433610028e-05,7.68075433610028e-05
24-Mar-2022,0.000161969524606872,0.000110014794323927,0.000135466373310564,0.000150160972654745,0.000123068020578578,0.000123068020578578,0.000169495455013579,0.000147031659963011,0.000152465671315371,5.16177139539457e-05,5.01067737455262e-05,5.01067737455262e-05,5.18075464751257e-05,4.9164728496062e-05,4.9164728496062e-05
25-Mar-2022,0.000168119832844323,0.000110146121853281,0.000141233346885263,0.000147621712399078,0.000114446887355879,0.000114446887355879,0.00017819184992443,0.000162580331233125,0.000162466403244739,5.53380742280373e-05,5.49505966473845e-05,5.49505966473845e-05,7.4238391432655e-05,8.02148085724061e-05,8.02148085724061e-05
28-Mar-2022,0.000129868200796399,0.000110111789187123,0.00011260132146395,0.00010569750590758,9.27965679303941e-05,9.27965679303941e-05,0.000147543997269325,0.000132522637712701,0.000132561174738413,4.9170501682229e-05,4.92738896298512e-05,4.92738896298512e-05,4.9008012805743e-05,4.72413523455504e-05,4.72413523455504e-05
29-Mar-2022,0.000108342620245154,0.000110052758116154,9.65886417580068e-05,8.69414598302328e-05,7.96502462574702e-05,7.96502462574702e-05,0.000134008839234947,0.000121791611018084,0.000109480629572526,5.85467991387669e-05,5.83209972458757e-05,5.83209972458757e-05,5.24280843857498e-05,5.09380609195874e-05,5.09380609195874e-05
30-Mar-2022,0.000116471139038638,0.000110066680580964,0.000103423937301559,8.74466469793363e-05,7.8891916120172e-05,7.8891916120172e-05,0.000142827049208742,0.000135007556234976,0.000134252295422433,4.49149910322039e-05,4.51187049036927e-05,4.51187049036927e-05,4.18969625383161e-05,4.10918658071792e-05,4.10918658071792e-05
31-Mar-2022,0.000103496330044957,0.000110070809736423,9.31259588719028e-05,9.00430797420084e-05,7.99316845890167e-05,7.99316845890167e-05,0.000125179336617745,9.90428542758526e-05,0.000111512309054851,4.48308150248708e-05,4.49571303967388e-05,4.49571303967388e-05,4.43768455898291e-05,4.34015053216674e-05,4.34015053216674e-05
01-Apr-2022,0.000154985875924075,0.000110267759904376,0.000130959734157764,0.000179047144903146,0.000144437876738031,0.000144437876738031,0.000160221392935888,0.000153184597021898,0.000144895031712067,4.37398730810046e-05,4.39942847494793e-05,4.39942847494793e-05,4.90856720154717e-05,5.05852840972098e-05,5.05852840972098e-05
04-Apr-2022,0.000118159588975942,0.000110112505852451,0.000103768606667227,0.000132262567209937,0.000113207950157825,0.000113207950157825,0.000125508173489166,0.000114194266734724,0.000114020661102816,5.01682460865187e-05,5.06101626902435e-05,5.06101626902435e-05,7.69339739822121e-05,8.2537505383003e-05,8.2537505383003e-05
05-Apr-2022,0.000103786313178798,0.000110012887209738,9.35117288474752e-05,0.000107425008378934,9.59702879221595e-05,9.59702879221595e-05,0.000119068167237922,0.000109253328633061,0.000112144585131167,5.39486037232835e-05,5.39843829217594e-05,5.39843829217594e-05,4.67764000787562e-05,4.57262323539241e-05,4.57262323539241e-05
06-Apr-2022,0.00012895005488101,0.000110018822500337,0.000111772420341711,0.000152703902917494,0.000127768513106354,0.000127768513106354,0.000135331723100178,0.000124274600353637,0.00012361378774457,2.97168848866349e-05,3.02251855152411e-05,3.02251855152411e-05,2.99637834244158e-05,2.9422802016406e-05,2.97217170183719e-05
07-Apr-2022,0.00012852851018025,0.000109986697921639,0.000111090533849696,0.000156873127461334,0.000131424217415147,0.000131424217415147,0.000129039616330009,0.000126148141760281,0.000126340178569549,5.95472821920403e-05,7.39392472506341e-05,5.99781547759972e-05,7.36715681659585e-05,9.56137741515008e-05,7.6509918077031e-05
08-Apr-2022,0.000101332119196279,0.000109746747374141,9.09777180293339e-05,0.000118697446776254,0.000105278882108097,0.000105278882108097,0.000108098563052107,0.000100802190319411,0.000104426979641174,8.38470365341112e-05,0.000103292001298918,8.29327469971993e-05,8.65515114645245e-05,0.000104082500489258,8.60514995183593e-05
11-Apr-2022,8.27343229846722e-05,0.0001095026975794,7.68017643948216e-05,9.47594594691376e-05,8.83327981311772e-05,8.83327981311772e-05,9.34876212198578e-05,8.89516404972615e-05,9.55571493851408e-05,6.34583693123365e-05,7.14017670935636e-05,6.21550039539707e-05,5.5104255383007e-05,5.72560667104493e-05,5.29469973386577e-05
12-Apr-2022,0.000147166087637344,0.000109689425658827,0.000125259725542847,0.000193359835620027,0.000158862779790879,0.000158862779790879,0.000160021443180065,0.000145028337851756,0.000147872308238122,5.84740369354382e-05,6.41510544551019e-05,5.74131769542409e-05,5.44661622425286e-05,5.38455556035074e-05,5.44379789571098e-05
13-Apr-2022,0.000117466419907018,0.000109480724761395,0.00010282304058214,0.000149287160499212,0.000128358341332695,0.000128358341332695,0.000119068110129086,0.000114975168660023,0.000110072081250069,5.06379079140556e-05,5.22539908576162e-05,4.92992455467729e-05,9.06319151780856e-05,9.57206066030271e-05,9.66991832187226e-05
14-Apr-2022,0.000117010308562761,0.000109355516221694,0.000103580712462542,0.000128918258853059,0.000112292808090522,0.000112292808090522,0.000126652472934496,0.000122061823810082,0.000121997907493247,6.57698102090091e-05,7.14074735748231e-05,6.36862349812846e-05,6.20777906560716e-05,6.23287698411625e-05,6.07570252830165e-05
18-Apr-2022,0.000133585102871994,0.000109312346117811,0.000115856280650742,0.000159417566596371,0.000135015335898479,0.000135015335898479,0.000136362321839382,0.000131097447706339,0.000109189199184714,4.41354781623239e-05,4.85765083062846e-05,4.36593760664573e-05,4.32471109605783e-05,4.76461084538673e-05,4.16608023591934e-05
19-Apr-2022,0.000104122603199891,0.000109026124464046,9.3215053901709e-05,0.000121091971783795,0.000107960118653422,0.000107960118653422,0.000105678078509605,9.98290383526526e-05,9.94448893413253e-05,5.47491464518523e-05,6.35317116420507e-05,5.39313321100856e-05,7.01746099770945e-05,8.29629799164912e-05,7.21991414348624e-05
20-Apr-2022,0.000136117482021499,0.000109141905081946,0.000119460874481588,0.000126903284252249,0.000107832824466274,0.000107832824466274,0.000154159158286756,0.00014017244839616,0.000140039769470803,6.31683259378226e-05,7.32249765380264e-05,6.14083906639511e-05,5.22678775233135e-05,5.65320775046355e-05,5.03056060140994e-05
21-Apr-2022,0.000106521937218297,0.000108911352937481,9.6173259567523e-05,9.85611739606347e-05,8.87323477603935e-05,8.87323477603935e-05,0.000114245131756315,0.00011059023937803,0.00010718640977843,5.13734370217383e-05,5.77472151831663e-05,4.98573815523464e-05,5.17340918922709e-05,5.94019867989309e-05,4.84925661526554e-05
22-Apr-2022,0.000143965603460524,0.000109096362585809,0.000124351942555273,0.000163363221889687,0.000136806368123036,0.000136806368123036,0.000149559057783089,0.000137887366815234,0.000140372393553246,5.67682717357764e-05,6.48766514664492e-05,5.52497741675933e-05,4.81727329331224e-05,4.84123277437321e-05,4.6907118185665e-05
25-Apr-2022,0.000320362655179275,0.000110270942104915,0.000264948142241433,0.00043281039731918,0.00034793899130457,0.00034793899130457,0.000355183799243185,0.000287048873747139,0.000284816652104285,7.92733390089635e-05,9.45598673821237e-05,7.57468499986233e-05,9.60783731539121e-05,0.000122128336277572,9.60469424007634e-05
26-Apr-2022,0.000245233600431707,0.00011045181252186,0.000202132029341745,0.000319047054936742,0.000258982139041758,0.000258982139041758,0.000234878873619671,0.00019790429493756,0.000198634478212224,0.000102314684240162,0.000121975459174372,9.65040374004645e-05,0.000153621655785174,0.000229477936860994,0.000150775175479143
27-Apr-2022,0.000404913554769727,0.000111462316235525,0.000329989243495477,0.000558815181675518,0.000450163857848966,0.000450163857848966,0.000380803903881728,0.000306816473336431,0.000307460358295302,0.000135041784194296,0.000160357885358745,0.000160357885358745,0.000110913870938279,0.000126188227016728,0.000100844694792461
28-Apr-2022,0.000299638249849995,0.000111733722813859,0.000243722882199191,0.000402570808538247,0.000329832569267075,0.000329832569267075,0.000256955586036167,0.000210565134737335,0.00021779495539722,0.000116000417522799,0.000121108150432793,0.000121108150432793,0.000180871127617878,0.000233008799951982,0.000180908346133905
29-Apr-2022,0.000364317324633763,0.000112568218335201,0.000297816196411167,0.000379718066479233,0.000297274150785606,0.000297274150785606,0.000321376815316784,0.000268877478057775,0.00027164612249548,0.000157222555659645,0.000162030676987883,0.000162030676987883,0.0001270674814421,0.000120030446935272,0.000113113518755336
02-May-2022,0.000647801994004768,0.000114089745836889,0.000528506764035074,0.000827117617727358,0.000655349550291518,0.000655349550291518,0.000537355102413144,0.000488444653878546,0.000494137986241276,0.000120922414874467,0.000114635437183947,0.000114635437183947,0.000116891345192007,0.000121055280252518,0.000121055280252518
03-May-2022,0.000478299554851599,0.000115078813585056,0.00038645698241186,0.00059739374862998,0.000478575286531989,0.000478575286531989,0.000377989346843481,0.000323242417212721,0.000318741505537045,0.000137584207147229,0.000137180937958951,0.000137180937958951,0.00024819977347909,0.00032612479629037,0.00032612479629037
04-May-2022,0.000355106727075936,0.000116009268331908,0.000287184076511388,0.00043700573819158,0.000356103405151848,0.000356103405151848,0.000280401384081488,0.000254491543606375,0.000254397679341979,0.000203077581938198,0.00021907748628539,0.00021907748628539,0.000162177993945627,0.000174411900712709,0.000174411900712709
05-May-2022,0.00047455467245584,0.000116850179944763,0.000387076229726519,0.000440784247244523,0.000341697204875797,0.000341697204875797,0.000382547550315,0.000350046872151336,0.000349685964235411,0.000153390271271997,0.000150892183212309,0.000150892183212309,0.000126656946482199,0.000119108977289619,0.000119108977289619
06-May-2022,0.000717814540470744,0.000118169046558727,0.00058277106756835,0.000859073324442923,0.000667836889628956,0.000667836889628956,0.000534409833473478,0.00048242707105733,0.000483667406891026,0.000218656017392297,0.000233367439202321,0.000233367439202321,0.00019695998273072,0.000231530162584383,0.000231530162584383
09-May-2022,0.000532794884173986,0.000119151801521546,0.000432335456921205,0.000629825714076482,0.00050328357562418,0.00050328357562418,0.000388872084007812,0.00038456280980794,0.000352056027664507,0.000229540002029839,0.000233235598748706,0.000233235598748706,0.000322093856909496,0.000387969712287766,0.000387969712287766
10-May-2022,0.000688166619971682,0.000120356297165645,0.000557026156339546,0.000887881760473508,0.000704142806547234,0.000704142806547234,0.000493845698610594,0.000461404491203579,0.000458703809092941,0.000273906440089338,0.000275188554742647,0.000275188554742647,0.000235494353936577,0.000231758993998967,0.000231758993998967
11-May-2022,0.000501654280276461,0.000121319678231307,0.000407805600656847,0.000636539011923703,0.000520877420769242,0.000520877420769242,0.000367242196555711,0.000345574612270237,0.00034352985857104,0.000230075727411735,0.000238790808817894,0.000238790808817894,0.000314285694995232,0.000366901803595505,0.000366901803595505
12-May-2022,0.000448330541056205,0.000122013920737337,0.000364483201310317,0.000573817073933706,0.000474487191655379,0.000474487191655379,0.000342093575765669,0.000325086515239691,0.000321860717700772,0.000262854740956583,0.000274500977711919,0.000274500977711919,0.000207733624891153,0.000193449082385577,0.000193449082385577
13-May-2022,0.000329580502401349,0.00012248629385737,0.000269630003370721,0.000414644921405879,0.000358710669455911,0.000358710669455911,0.000272231808490051,0.000254687086179951,0.000249473859292379,0.000292126057119053,0.000309954635037699,0.000309954635037699,0.000288916131481477,0.000317446631227062,0.000317446631227062
16-May-2022,0.000378263407677049,0.000123172296636761,0.000314171422762665,0.000382516735109219,0.000318402370117082,0.000318402370117082,0.000320408805818187,0.000305889833483836,0.000305877162287733,0.000301292726534262,0.000311245016419354,0.000311245016419354,0.000240662919494208,0.000234594802024797,0.000234594802024797
17-May-2022,0.000283800815740197,0.000123480133896587,0.000238208794077753,0.0002854666081324,0.000245503406825696,0.000245503406825696,0.000252105290228867,0.000240801287142949,0.000240838356169489,0.000187525298315011,0.00018732951027481,0.00018732951027481,0.000174702063887174,0.00017348831066543,0.00017348831066543
18-May-2022,0.000304826785246875,0.000123963793454936,0.000258247700712837,0.000266163131548523,0.000224227960526343,0.000224227960526343,0.000277522414880763,0.000266206939401818,0.000264967917324941,0.000169873598011897,0.000168598763042049,0.000168598763042049,0.000149013676813438,0.000135310441481039,0.000135310441481039
